<?xml version="1.0" encoding="UTF-8"?>
<project-private xmlns="http://www.netbeans.org/ns/project-private/1">
    <editor-bookmarks xmlns="http://www.netbeans.org/ns/editor-bookmarks/2" lastBookmarkId="0"/>
    <open-files xmlns="http://www.netbeans.org/ns/projectui-open-files/2">
        <group>
            <file>file:/Users/molina/MEGA/01.%20Conteudista%20temas%20de%20TI/v9/java2_sistema/src/sistema/Sistema.java</file>
            <file>file:/Users/molina/MEGA/01.%20Conteudista%20temas%20de%20TI/v9/java2_sistema/src/sistema/BancoDeDados.java</file>
        </group>
    </open-files>
</project-private>
